copy,conversion_rate
Run every campaign on budget. Includes real-time pacing alerts via the Google Ads API. Dozens of integrations built in. Learn more.,0.0674
Your ad budget is hard to control. Includes API bid scripts and CPA pacing rules. Trusted by growing teams. Start your free trial.,0.0454
"Tired of wasted ad spend? Your team hits CPA and ROAS targets with less effort. Trusted by 2,400 teams. Book a demo today.",0.0803
"Take control of your ad budget. Your team saves hours and sleeps better. Trusted by 2,400 teams. Start your free trial.",0.0986
Most B2B campaigns overspend quietly. Includes API bid scripts and CPA pacing rules. Setup takes 5 minutes. Learn more.,0.0625
"Most B2B campaigns overspend quietly. Includes simple alerts and one shared dashboard. Trusted by 2,400 teams. Book a demo today.",0.066
"Take control of your ad budget. Your team saves hours and sleeps better. Trusted by 2,400 teams. Book a demo today.",0.1176
Your ad budget is hard to control. Your team hits CPA and ROAS targets with less effort. Dozens of integrations built in. Start your free trial.,0.0273
Your ad budget is hard to control. Includes API bid scripts and CPA pacing rules. Setup takes mere minutes. Learn more.,0.0193
Run every campaign on budget. Includes real-time pacing alerts via the Google Ads API. Over 90 integrations built in. Book a demo today.,0.108
Fix overspending on every campaign. Your team sees steadier CPA and higher ROAS. Setup takes mere minutes. Learn more.,0.0617
Run every campaign on budget. Your team saves hours and sleeps better. Setup takes mere minutes. Start your free trial.,0.0862
Take control of your ad budget. Includes simple alerts and one shared dashboard. Trusted by growing teams. Book a demo today.,0.0673
Most B2B campaigns overspend quietly. Includes a weekly report and a budget calendar. Setup takes mere minutes. Book a demo today.,0.0351
Most B2B campaigns overspend quietly. Your team saves hours and sleeps better. Setup takes 5 minutes. Learn more.,0.0521
Take control of your ad budget. Includes real-time pacing alerts via the Google Ads API. Rated highly by marketers. Book a demo today.,0.0679
Run every campaign on budget. Your team feels confident and stays focused. Trusted by growing teams. Learn more.,0.0642
Tired of wasted ad spend? Includes real-time pacing alerts via the Google Ads API. Dozens of integrations built in. Start your free trial.,0.0265
Most B2B campaigns overspend quietly. Your team sees steadier CPA and higher ROAS. Over 90 integrations built in. Start your free trial.,0.0474
Your ad budget is hard to control. Includes real-time pacing alerts via the Google Ads API. Over 90 integrations built in. Learn more.,0.0512
Take control of your ad budget. Includes API bid scripts and CPA pacing rules. Over 90 integrations built in. Learn more.,0.1035
Fix overspending on every campaign. Your team hits CPA and ROAS targets with less effort. Setup takes mere minutes. Start your free trial.,0.0658
"Tired of wasted ad spend? Includes a weekly report and a budget calendar. Trusted by 2,400 teams. Start your free trial.",0.0694
Your ad budget is hard to control. Your team sees steadier CPA and higher ROAS. Trusted by growing teams. Start your free trial.,0.0334
Most B2B campaigns overspend quietly. Your team saves hours and sleeps better. Rated highly by marketers. Start your free trial.,0.0371
"Take control of your ad budget. Your team hits CPA and ROAS targets with less effort. Trusted by 2,400 teams. Book a demo today.",0.1135
Take control of your ad budget. Your team feels confident and stays focused. Setup takes mere minutes. Learn more.,0.071
Fix overspending on every campaign. Your team feels confident and stays focused. Setup takes 5 minutes. Book a demo today.,0.111
Tired of wasted ad spend? Your team sees steadier CPA and higher ROAS. Setup takes mere minutes. Learn more.,0.0443
Fix overspending on every campaign. Your team feels confident and stays focused. Rated highly by marketers. Start your free trial.,0.0749
